{
    "//": "ALPHA Item-Shop",
    "daily1": {
        "itemGrants": [
            "AthenaBackpack:BID_003_RedKnight"
        ],
        "price": 1200
    },
    "daily2": {
        "itemGrants": [
            "AthenaPickaxe:Pickaxe_ID_073_Balloon"
        ],
        "price": 1000
    },
    "daily3": {
        "itemGrants": [
            "AthenaCharacter:CID_424_Athena_Commando_M_Vigilante"
        ],
        "price": 2000
    },
    "daily4": {
        "itemGrants": [
            "AthenaDance:EID_TakeTheElf"
        ],
        "price": 500
    },
    "daily5": {
        "itemGrants": [
            "AthenaPickaxe:Pickaxe_ID_179_StarWand"
        ],
        "price": 1000
    },
    "daily6": {
        "itemGrants": [
            "AthenaItemWrap:CID_530_Athena_Commando_F_BlackMonday_1BV6J"
        ],
        "price": 5000
    },
    "featured1": {
        "itemGrants": [
            "AthenaPickaxe:Pickaxe_FNCS_Reflex"
        ],
        "price": 15000
    },
    "featured2": {
        "itemGrants": [
            "AthenaCharacter:Character_Cyclone_Reflex"
        ],
        "price": 25000
    }
}
